<beans xmlns="http://www.springframework.org/schema/beans"
       xmlns:xsi="http://www.w3.org/2001/XMLSchema-instance" xmlns:aop="http://www.springframework.org/schema/aop"
       xsi:schemaLocation="http://www.springframework.org/schema/beans
       http://www.springframework.org/schema/beans/spring-beans.xsd http://www.springframework.org/schema/aop https://www.springframework.org/schema/aop/spring-aop.xsd">


    <bean id="transform" class="uz.pdp.online.xml_config.Transform"/>
    <bean id="logger" class="uz.pdp.online.xml_config.Logger"/>

    <aop:config>
        <aop:aspect ref="logger">
            <aop:before pointcut="execution(* uz.pdp.online.xml_config.Transform.start(..))"
                        method="start"/>
            <aop:after pointcut="execution(* uz.pdp.online.xml_config.Transform.start(..))"
                       method="end"/>
            <aop:after-returning pointcut="execution(* uz.pdp.online.xml_config.Transform.start(..))"
                                 method="success"/>
            <aop:after-throwing pointcut="execution(* uz.pdp.online.xml_config.Transform.start(..))"
                                method="exception"/>
        </aop:aspect>
    </aop:config>

</beans>
